,cf_id,category & sub-category
0,147,food/food trucks
1,1621,music/rock
2,1812,technology/web
3,2156,music/rock
4,1365,theater/plays
5,2057,theater/plays
6,1894,film & video/documentary
7,2669,theater/plays
8,1114,theater/plays
9,970,music/electric music
10,2340,film & video/drama
11,601,theater/plays
12,1950,film & video/drama
13,671,music/indie rock
14,1683,music/indie rock
15,505,technology/wearables
16,1245,publishing/nonfiction
17,2550,film & video/animation
18,875,theater/plays
19,2283,theater/plays
20,118,film & video/drama
21,711,theater/plays
22,1747,theater/plays
23,1825,film & video/documentary
24,1019,technology/wearables
25,821,games/video games
26,2653,theater/plays
27,2502,music/rock
28,325,theater/plays
29,1345,film & video/shorts
30,2303,film & video/animation
31,2224,games/video games
32,1173,film & video/documentary
33,210,theater/plays
34,1546,film & video/documentary
35,2871,film & video/drama
36,2034,theater/plays
37,2677,publishing/fiction
38,1865,photography/photography books
39,170,theater/plays
40,462,technology/wearables
41,3122,music/rock
42,1175,food/food trucks
43,2301,publishing/radio & podcasts
44,91,publishing/fiction
45,87,theater/plays
46,1482,music/rock
47,1711,theater/plays
48,2294,theater/plays
49,2389,music/rock
50,378,music/metal
51,1213,technology/wearables
52,29,theater/plays
53,2309,film & video/drama
54,2101,technology/wearables
55,1057,music/jazz
56,2655,technology/wearables
57,202,games/video games
58,2025,theater/plays
59,2395,theater/plays
60,1418,theater/plays
61,1905,theater/plays
62,1969,technology/web
63,2430,theater/plays
64,1291,technology/web
65,1934,theater/plays
66,1225,theater/plays
67,1363,technology/wearables
68,963,theater/plays
69,1486,theater/plays
70,676,theater/plays
71,2137,theater/plays
72,2656,film & video/animation
73,1556,music/jazz
74,747,music/metal
75,60,photography/photography books
76,2459,theater/plays
77,1903,film & video/animation
78,2003,publishing/translations
79,2885,theater/plays
80,2067,games/video games
81,1610,music/rock
82,2909,games/video games
83,1239,music/electric music
84,2480,technology/wearables
85,2181,music/indie rock
86,2030,theater/plays
87,2311,music/rock
88,2821,publishing/translations
89,2468,theater/plays
90,656,theater/plays
91,2791,publishing/translations
92,1527,games/video games
93,1891,theater/plays
94,580,technology/web
95,682,film & video/documentary
96,3097,theater/plays
97,873,food/food trucks
98,1668,games/video games
99,3076,theater/plays
100,3146,theater/plays
101,253,music/electric music
102,3088,technology/wearables
103,393,music/electric music
104,2912,music/indie rock
105,478,technology/web
106,1061,theater/plays
107,2957,theater/plays
108,2015,film & video/documentary
109,1179,film & video/television
110,2568,food/food trucks
111,2869,publishing/radio & podcasts
112,718,technology/web
113,1211,food/food trucks
114,2431,technology/wearables
115,468,publishing/fiction
116,1862,theater/plays
117,2300,film & video/television
118,449,photography/photography books
119,283,film & video/documentary
120,2484,games/mobile games
121,1490,games/video games
122,186,publishing/fiction
123,2999,theater/plays
124,2819,photography/photography books
125,2105,theater/plays
126,1324,theater/plays
127,1952,theater/plays
128,2404,music/rock
129,990,food/food trucks
130,1459,film & video/drama
131,1106,technology/web
132,1488,theater/plays
133,2107,music/world music
134,2660,film & video/documentary
135,2647,theater/plays
136,565,film & video/drama
137,2713,publishing/nonfiction
138,558,games/mobile games
139,698,technology/wearables
140,321,film & video/documentary
141,1302,technology/web
142,1410,technology/web
143,2465,music/indie rock
144,377,theater/plays
145,1882,technology/wearables
146,822,theater/plays
147,2730,theater/plays
148,2198,technology/wearables
149,2757,music/indie rock
150,2588,music/rock
151,1090,music/electric music
152,64,music/indie rock
153,2171,theater/plays
154,625,music/indie rock
155,1065,theater/plays
156,174,music/rock
157,1344,photography/photography books
158,2824,music/rock
159,940,theater/plays
160,3024,technology/wearables
161,2164,technology/web
162,2427,music/rock
163,1548,photography/photography books
164,2657,theater/plays
165,2916,technology/web
166,1348,photography/photography books
167,557,theater/plays
168,2915,music/indie rock
169,320,film & video/shorts
170,1458,music/indie rock
171,379,publishing/translations
172,1879,film & video/documentary
173,597,theater/plays
174,1130,technology/wearables
175,2354,theater/plays
176,1358,theater/plays
177,188,theater/plays
178,2228,food/food trucks
179,1743,theater/plays
180,2563,technology/wearables
181,2424,technology/web
182,2369,theater/plays
183,1134,music/rock
184,2241,theater/plays
185,2745,film & video/television
186,1055,theater/plays
187,1215,film & video/shorts
188,2036,theater/plays
189,1191,theater/plays
190,879,theater/plays
191,3062,theater/plays
192,611,music/rock
193,3195,music/indie rock
194,1221,music/metal
195,2536,music/electric music
196,1834,technology/wearables
197,593,film & video/drama
198,3039,music/electric music
199,777,music/rock
200,835,theater/plays
201,797,technology/web
202,509,food/food trucks
203,2286,theater/plays
204,2110,music/jazz
205,1038,theater/plays
206,2893,publishing/fiction
207,805,music/rock
208,225,film & video/documentary
209,968,film & video/documentary
210,1369,film & video/science fiction
211,1417,theater/plays
212,3011,theater/plays
213,2691,music/indie rock
214,2159,music/rock
215,2515,theater/plays
216,544,theater/plays
217,3030,film & video/science fiction
218,817,film & video/shorts
219,1400,film & video/animation
220,657,theater/plays
221,966,food/food trucks
222,1558,photography/photography books
223,1379,theater/plays
224,286,film & video/science fiction
225,894,music/rock
226,709,photography/photography books
227,1599,games/mobile games
228,905,film & video/animation
229,146,games/mobile games
230,1632,games/video games
231,537,theater/plays
232,1289,theater/plays
233,2712,film & video/animation
234,1980,games/video games
235,296,film & video/animation
236,1760,music/rock
237,2435,film & video/animation
238,2343,theater/plays
239,2556,technology/wearables
240,2495,theater/plays
241,2497,publishing/nonfiction
242,1955,music/rock
243,1129,theater/plays
244,636,theater/plays
245,434,theater/plays
246,1231,technology/web
247,3162,publishing/fiction
248,1717,games/mobile games
249,211,publishing/translations
250,2635,music/rock
251,1854,theater/plays
252,436,theater/plays
253,2965,film & video/drama
254,1034,publishing/nonfiction
255,614,music/rock
256,1792,music/rock
257,121,theater/plays
258,2936,theater/plays
259,2081,photography/photography books
260,1204,music/rock
261,669,music/rock
262,735,music/indie rock
263,933,photography/photography books
264,3055,theater/plays
265,270,theater/plays
266,647,music/jazz
267,1219,theater/plays
268,1257,film & video/documentary
269,2162,film & video/television
270,2274,games/video games
271,2284,photography/photography books
272,407,theater/plays
273,2440,theater/plays
274,2476,theater/plays
275,41,publishing/translations
276,890,games/video games
277,2743,theater/plays
278,266,technology/web
279,3113,theater/plays
280,1909,film & video/animation
281,962,theater/plays
282,213,film & video/television
283,2741,music/rock
284,2589,technology/web
285,1238,theater/plays
286,164,theater/plays
287,2685,music/electric music
288,2836,music/metal
289,2062,theater/plays
290,3111,film & video/documentary
291,1414,technology/web
292,2765,food/food trucks
293,939,theater/plays
294,390,theater/plays
295,2851,theater/plays
296,1607,theater/plays
297,3201,theater/plays
298,641,music/rock
299,524,food/food trucks
300,2423,publishing/nonfiction
301,1532,film & video/documentary
302,1748,theater/plays
303,3168,music/indie rock
304,1077,film & video/documentary
305,3114,theater/plays
306,2547,theater/plays
307,2065,publishing/fiction
308,1143,theater/plays
309,2545,music/indie rock
310,1315,games/video games
311,2219,theater/plays
312,854,theater/plays
313,336,music/rock
314,3014,film & video/documentary
315,326,theater/plays
316,2991,food/food trucks
317,1359,theater/plays
318,341,music/rock
319,2365,technology/web
320,358,publishing/fiction
321,583,film & video/shorts
322,1373,theater/plays
323,2665,film & video/documentary
324,2500,theater/plays
325,921,theater/plays
326,135,film & video/animation
327,2413,theater/plays
328,3004,music/rock
329,1911,games/video games
330,2726,film & video/documentary
331,2049,food/food trucks
332,1732,technology/wearables
333,1174,theater/plays
334,1194,music/rock
335,3176,music/rock
336,642,music/rock
337,34,theater/plays
338,217,theater/plays
339,1693,theater/plays
340,2333,photography/photography books
341,80,music/indie rock
342,2847,theater/plays
343,3104,theater/plays
344,980,games/video games
345,476,film & video/drama
346,116,music/indie rock
347,2900,technology/web
348,553,food/food trucks
349,2834,theater/plays
350,2314,music/jazz
351,2005,music/rock
352,2514,theater/plays
353,702,theater/plays
354,42,film & video/documentary
355,948,technology/wearables
356,2926,theater/plays
357,1971,games/video games
358,748,photography/photography books
359,684,film & video/animation
360,385,theater/plays
361,3007,theater/plays
362,2612,music/rock
363,807,music/rock
364,2087,music/indie rock
365,53,theater/plays
366,2944,theater/plays
367,2963,theater/plays
368,2976,film & video/documentary
369,3051,film & video/television
370,2777,theater/plays
371,3064,theater/plays
372,56,film & video/documentary
373,763,theater/plays
374,896,film & video/documentary
375,1409,music/indie rock
376,2889,music/rock
377,2338,theater/plays
378,2905,film & video/documentary
379,1779,theater/plays
380,2291,theater/plays
381,3192,theater/plays
382,1696,photography/photography books
383,1559,food/food trucks
384,1405,film & video/documentary
385,521,publishing/nonfiction
386,1625,theater/plays
387,2808,technology/wearables
388,764,music/indie rock
389,834,theater/plays
390,2793,photography/photography books
391,2901,publishing/nonfiction
392,2141,technology/wearables
393,308,music/jazz
394,705,film & video/documentary
395,1670,theater/plays
396,1159,film & video/drama
397,2592,music/rock
398,1195,film & video/animation
399,1635,music/indie rock
400,2432,photography/photography books
401,109,theater/plays
402,1509,film & video/shorts
403,1285,theater/plays
404,500,theater/plays
405,2835,theater/plays
406,1533,film & video/documentary
407,2445,theater/plays
408,2906,film & video/documentary
409,1237,music/rock
410,1572,games/mobile games
411,254,theater/plays
412,576,publishing/fiction
413,563,film & video/animation
414,2201,food/food trucks
415,1339,theater/plays
416,197,film & video/documentary
417,2035,theater/plays
418,1739,film & video/documentary
419,2352,technology/web
420,691,theater/plays
421,298,technology/wearables
422,206,theater/plays
423,1003,food/food trucks
424,1653,music/indie rock
425,1549,photography/photography books
426,1026,theater/plays
427,2523,theater/plays
428,1620,film & video/animation
429,2594,photography/photography books
430,539,theater/plays
431,687,theater/plays
432,2302,theater/plays
433,694,film & video/documentary
434,3123,theater/plays
435,2576,theater/plays
436,2349,music/jazz
437,516,film & video/animation
438,290,theater/plays
439,1691,film & video/science fiction
440,1689,film & video/television
441,2403,technology/wearables
442,3203,theater/plays
443,2113,theater/plays
444,3158,music/indie rock
445,348,theater/plays
446,1136,technology/wearables
447,956,film & video/television
448,2393,games/video games
449,3208,games/video games
450,2530,film & video/animation
451,305,music/rock
452,1383,film & video/drama
453,783,film & video/science fiction
454,47,film & video/drama
455,3157,theater/plays
456,1646,music/indie rock
457,1729,theater/plays
458,2964,theater/plays
459,675,film & video/documentary
460,790,theater/plays
461,1103,film & video/drama
462,969,games/mobile games
463,1634,film & video/animation
464,2279,theater/plays
465,387,publishing/translations
466,586,technology/wearables
467,1145,technology/web
468,2776,theater/plays
469,2099,film & video/drama
470,470,technology/wearables
471,343,food/food trucks
472,2090,music/rock
473,1401,music/electric music
474,596,film & video/television
475,1139,publishing/translations
476,2080,publishing/fiction
477,88,film & video/science fiction
478,2806,technology/wearables
479,3153,food/food trucks
480,2391,photography/photography books
481,84,theater/plays
482,1987,publishing/fiction
483,2790,theater/plays
484,37,food/food trucks
485,2981,theater/plays
486,1730,publishing/translations
487,3172,theater/plays
488,32,theater/plays
489,2322,technology/wearables
490,1095,journalism/audio
491,1067,food/food trucks
492,2676,film & video/shorts
493,549,photography/photography books
494,302,technology/wearables
495,2758,theater/plays
496,2450,film & video/animation
497,2310,technology/wearables
498,2185,technology/web
499,1929,film & video/documentary
500,1823,theater/plays
501,699,film & video/documentary
502,1926,games/video games
503,2208,film & video/drama
504,3136,music/rock
505,1623,publishing/radio & podcasts
506,277,theater/plays
507,1522,technology/web
508,2582,theater/plays
509,595,theater/plays
510,1060,film & video/drama
511,2551,theater/plays
512,975,games/video games
513,300,film & video/television
514,1883,music/rock
515,2973,theater/plays
516,1831,publishing/nonfiction
517,3019,food/food trucks
518,1598,film & video/animation
519,1898,music/rock
520,944,theater/plays
521,2775,film & video/drama
522,2021,film & video/shorts
523,1473,film & video/shorts
524,353,theater/plays
525,400,technology/wearables
526,930,theater/plays
527,1281,film & video/animation
528,726,music/indie rock
529,2177,games/video games
530,1652,publishing/fiction
531,65,games/video games
532,911,theater/plays
533,2082,music/indie rock
534,458,film & video/drama
535,1085,theater/plays
536,1451,publishing/fiction
537,1068,film & video/documentary
538,241,games/mobile games
539,2654,food/food trucks
540,159,photography/photography books
541,1010,games/mobile games
542,1807,music/indie rock
543,1135,games/video games
544,1859,music/rock
545,1265,theater/plays
546,2648,theater/plays
547,141,film & video/drama
548,1944,theater/plays
549,3187,technology/wearables
550,1436,music/indie rock
551,1384,technology/web
552,2446,theater/plays
553,2215,music/rock
554,2704,music/indie rock
555,2470,music/rock
556,1056,publishing/translations
557,1278,film & video/science fiction
558,2987,theater/plays
559,417,theater/plays
560,670,film & video/animation
561,1427,theater/plays
562,2918,music/rock
563,306,film & video/documentary
564,1714,theater/plays
565,1354,theater/plays
566,810,music/electric music
567,304,music/rock
568,752,theater/plays
569,2254,film & video/animation
570,1654,music/rock
571,2729,film & video/shorts
572,913,music/rock
573,1388,journalism/audio
574,76,food/food trucks
575,1172,theater/plays
576,2579,theater/plays
577,2371,music/jazz
578,359,film & video/science fiction
579,1423,music/jazz
580,2239,theater/plays
581,1835,technology/web
582,2097,games/video games
583,1165,film & video/documentary
584,1368,technology/web
585,2331,publishing/translations
586,3145,music/rock
587,2313,food/food trucks
588,251,theater/plays
589,1956,film & video/documentary
590,1575,publishing/radio & podcasts
591,1917,games/video games
592,2447,theater/plays
593,1813,film & video/animation
594,367,theater/plays
595,1803,theater/plays
596,284,film & video/drama
597,2603,theater/plays
598,653,music/rock
599,1131,film & video/documentary
600,349,food/food trucks
601,2509,technology/wearables
602,3139,theater/plays
603,480,theater/plays
604,1205,theater/plays
605,291,publishing/nonfiction
606,1758,music/rock
607,766,food/food trucks
608,569,music/jazz
609,50,film & video/science fiction
610,1875,theater/plays
611,3040,theater/plays
612,179,music/electric music
613,114,theater/plays
614,260,theater/plays
615,1810,theater/plays
616,68,music/indie rock
617,1148,theater/plays
618,2489,publishing/nonfiction
619,1586,theater/plays
620,2339,photography/photography books
621,1687,theater/plays
622,1260,music/indie rock
623,2240,theater/plays
624,1762,photography/photography books
625,331,theater/plays
626,1330,theater/plays
627,427,food/food trucks
628,2929,music/indie rock
629,2940,theater/plays
630,2047,theater/plays
631,536,theater/plays
632,238,theater/plays
633,30,film & video/animation
634,1151,film & video/television
635,1484,film & video/television
636,1941,film & video/animation
637,546,theater/plays
638,221,theater/plays
639,2882,film & video/drama
640,2938,theater/plays
641,785,theater/plays
642,2785,technology/wearables
643,876,theater/plays
644,932,theater/plays
645,507,music/rock
646,1672,games/video games
647,917,publishing/translations
648,2931,food/food trucks
649,2415,theater/plays
650,1805,music/jazz
651,495,film & video/shorts
652,2988,technology/web
653,3169,technology/web
654,467,music/metal
655,1551,photography/photography books
656,2467,food/food trucks
657,1193,film & video/science fiction
658,1016,music/rock
659,313,film & video/documentary
660,117,theater/plays
661,2747,music/jazz
662,1244,theater/plays
663,564,theater/plays
664,3129,music/jazz
665,800,film & video/documentary
666,1255,theater/plays
667,2448,journalism/audio
668,578,theater/plays
669,418,theater/plays
670,255,music/indie rock
671,1918,theater/plays
672,2837,theater/plays
673,842,music/indie rock
674,503,photography/photography books
675,602,journalism/audio
676,1317,photography/photography books
677,2071,publishing/fiction
678,2773,film & video/drama
679,1814,food/food trucks
680,2600,games/mobile games
681,426,theater/plays
682,2206,theater/plays
683,2032,theater/plays
684,397,publishing/nonfiction
685,865,theater/plays
686,3027,technology/wearables
687,31,theater/plays
688,1234,film & video/television
689,497,technology/web
690,2084,film & video/documentary
691,337,film & video/documentary
692,3182,music/rock
693,1494,theater/plays
694,2570,theater/plays
695,2205,music/rock
696,314,theater/plays
697,1659,music/electric music
698,1656,technology/wearables
699,514,film & video/drama
700,649,technology/wearables
701,1769,theater/plays
702,33,technology/wearables
703,195,publishing/translations
704,742,film & video/animation
705,2093,publishing/nonfiction
706,1338,technology/web
707,52,film & video/drama
708,1651,theater/plays
709,452,theater/plays
710,1808,theater/plays
711,2288,theater/plays
712,1855,theater/plays
713,3035,publishing/radio & podcasts
714,2285,music/rock
715,1203,games/mobile games
716,2852,theater/plays
717,2160,film & video/documentary
718,113,technology/wearables
719,2609,publishing/fiction
720,2529,theater/plays
721,1780,music/rock
722,1840,film & video/documentary
723,2280,theater/plays
724,3150,theater/plays
725,2490,games/mobile games
726,3081,theater/plays
727,1954,technology/web
728,2560,theater/plays
729,1071,film & video/drama
730,1649,technology/wearables
731,685,technology/web
732,1069,music/rock
733,1277,music/metal
734,2764,theater/plays
735,959,photography/photography books
736,1746,publishing/nonfiction
737,2392,music/indie rock
738,2762,theater/plays
739,1699,music/indie rock
740,220,theater/plays
741,285,theater/plays
742,2182,music/electric music
743,2244,theater/plays
744,2357,theater/plays
745,971,technology/wearables
746,2077,technology/web
747,2197,theater/plays
748,1294,film & video/animation
749,1111,technology/wearables
750,985,music/electric music
751,487,publishing/nonfiction
752,1496,theater/plays
753,3054,photography/photography books
754,501,theater/plays
755,632,theater/plays
756,1253,theater/plays
757,665,film & video/drama
758,2505,music/rock
759,1519,music/electric music
760,1920,games/video games
761,2782,music/rock
762,2089,music/jazz
763,2607,theater/plays
764,2464,music/rock
765,335,music/indie rock
766,1973,film & video/science fiction
767,1006,publishing/translations
768,2678,theater/plays
769,2103,games/video games
770,627,theater/plays
771,2242,theater/plays
772,2711,music/indie rock
773,1210,theater/plays
774,692,technology/web
775,864,music/rock
776,1349,theater/plays
777,1582,theater/plays
778,2862,film & video/animation
779,23,theater/plays
780,526,film & video/drama
781,2134,theater/plays
782,422,film & video/animation
783,988,music/rock
784,812,technology/web
785,1589,film & video/animation
786,2504,music/jazz
787,1707,music/rock
788,3138,film & video/animation
789,120,theater/plays
790,265,theater/plays
791,2499,food/food trucks
792,127,theater/plays
793,1705,publishing/nonfiction
794,415,music/rock
795,3042,film & video/drama
796,2098,games/mobile games
797,1015,technology/web
798,2454,theater/plays
799,662,theater/plays
800,751,music/rock
801,2336,photography/photography books
802,1757,photography/photography books
803,2779,theater/plays
804,1698,music/rock
805,550,film & video/documentary
806,746,film & video/drama
807,906,theater/plays
808,3098,food/food trucks
809,1052,film & video/documentary
810,1073,theater/plays
811,1327,games/video games
812,1849,publishing/nonfiction
813,1550,games/video games
814,2139,music/rock
815,2442,music/rock
816,108,theater/plays
817,322,publishing/nonfiction
818,2060,theater/plays
819,589,games/video games
820,198,music/rock
821,1485,film & video/documentary
822,2136,music/rock
823,3200,music/rock
824,2693,publishing/nonfiction
825,1335,film & video/shorts
826,1171,theater/plays
827,1935,film & video/drama
828,1097,theater/plays
829,1307,theater/plays
830,1300,theater/plays
831,2587,photography/photography books
832,964,publishing/translations
833,1093,publishing/translations
834,1199,theater/plays
835,2259,technology/web
836,1169,music/indie rock
837,2575,music/jazz
838,1889,theater/plays
839,2267,film & video/documentary
840,78,theater/plays
841,55,technology/web
842,725,technology/wearables
843,1927,photography/photography books
844,398,film & video/documentary
845,2554,technology/web
846,2293,technology/web
847,2978,food/food trucks
848,1443,film & video/drama
849,342,music/indie rock
850,1719,music/rock
851,2004,music/electric music
852,784,games/video games
853,3061,music/indie rock
854,559,publishing/fiction
855,978,theater/plays
856,1387,food/food trucks
857,499,film & video/shorts
858,1439,food/food trucks
859,3130,theater/plays
860,1526,technology/wearables
861,1229,theater/plays
862,780,theater/plays
863,936,film & video/television
864,2820,film & video/shorts
865,3118,theater/plays
866,750,photography/photography books
867,2948,food/food trucks
868,1818,theater/plays
869,1715,film & video/drama
870,2667,theater/plays
871,2818,theater/plays
872,175,film & video/science fiction
873,2701,photography/photography books
874,338,photography/photography books
875,1372,music/rock
876,399,photography/photography books
877,2734,food/food trucks
878,2663,music/metal
879,2951,publishing/nonfiction
880,733,music/electric music
881,374,theater/plays
882,1949,theater/plays
883,48,film & video/shorts
884,3020,theater/plays
885,749,theater/plays
886,1336,music/indie rock
887,2390,theater/plays
888,851,theater/plays
889,2394,music/electric music
890,1062,music/indie rock
891,1024,film & video/documentary
892,1261,publishing/translations
893,2029,film & video/documentary
894,267,film & video/television
895,3140,theater/plays
896,2599,food/food trucks
897,1505,theater/plays
898,2736,film & video/documentary
899,2444,music/jazz
900,212,technology/web
901,1226,music/rock
902,2381,technology/web
903,2510,publishing/nonfiction
904,182,publishing/radio & podcasts
905,1340,theater/plays
906,663,film & video/documentary
907,167,theater/plays
908,3143,games/video games
909,1571,theater/plays
910,1216,theater/plays
911,237,technology/web
912,1524,film & video/drama
913,218,film & video/drama
914,2508,theater/plays
915,1873,film & video/television
916,1378,photography/photography books
917,2488,film & video/shorts
918,2924,publishing/radio & podcasts
919,316,theater/plays
920,531,film & video/animation
921,435,technology/web
922,1381,music/world music
923,2606,theater/plays
924,2402,theater/plays
925,761,theater/plays
926,1447,food/food trucks
927,1724,theater/plays
928,1050,technology/web
929,443,theater/plays
930,974,theater/plays
931,534,theater/plays
932,289,music/rock
933,2046,theater/plays
934,2614,theater/plays
935,2652,theater/plays
936,1303,theater/plays
937,2638,film & video/documentary
938,2865,publishing/fiction
939,640,games/video games
940,910,technology/web
941,333,theater/plays
942,1722,theater/plays
943,1437,food/food trucks
944,806,photography/photography books
945,1563,photography/photography books
946,878,theater/plays
947,2968,theater/plays
948,1876,film & video/documentary
949,2686,technology/web
950,513,theater/plays
951,3165,music/rock
952,1847,film & video/documentary
953,1994,film & video/science fiction
954,201,technology/web
955,960,theater/plays
956,1475,film & video/science fiction
957,3149,theater/plays
958,877,film & video/animation
959,2122,publishing/translations
960,923,technology/web
961,1809,publishing/translations
962,3209,food/food trucks
963,1951,photography/photography books
964,2566,theater/plays
965,2925,music/rock
966,3087,theater/plays
967,2040,music/world music
968,1755,food/food trucks
969,965,theater/plays
970,2019,theater/plays
971,843,film & video/television
972,1593,technology/web
973,2494,theater/plays
974,2250,music/indie rock
975,1498,theater/plays
976,356,theater/plays
977,1432,food/food trucks
978,25,games/video games
979,488,theater/plays
980,423,publishing/nonfiction
981,2028,technology/web
982,1521,film & video/documentary
983,2780,film & video/documentary
984,2316,theater/plays
985,2247,music/rock
986,2408,music/rock
987,3184,film & video/documentary
988,1680,publishing/radio & podcasts
989,2585,publishing/translations
990,1561,film & video/drama
991,2632,music/rock
992,439,film & video/drama
993,461,photography/photography books
994,1419,publishing/translations
995,2986,food/food trucks
996,2031,theater/plays
997,1627,theater/plays
998,2175,music/indie rock
999,1788,food/food trucks
